{
	"Stock": [
		{
			"prodId": "CRS101_GR_95",
			"plant": 1000,
			"stock": 6,
			"preStock": 0,
			"unit": "EA",
            "prodInfo": {
                "prodId": "CRS101_GR_95",
                "prodName": "캐시미어 라운드 스웨터",
                "prodCol": "Gray",
                "prodSize": "95",
                "purCost": 50000,
                "sellPrice": 200000,
                "currency": "won",
                "unit": "EA",
                "vendorId": "V0001"
            },
            "safety": {
                "storeLevel": 1,
                "safety": 5
            },
            "sales": [{"plant":1000,"prodId":"CRS101_GR_95","salesAmount":2,"unit":"EA","salesDate":"2022.02.07"},
                    {"plant":1000,"prodId":"CRS101_GR_95","salesAmount":0,"unit":"EA","salesDate":"2022.02.08"},
                    {"plant":1000,"prodId":"CRS101_GR_95","salesAmount":1,"unit":"EA","salesDate":"2022.02.09"},
                    {"plant":1000,"prodId":"CRS101_GR_95","salesAmount":1,"unit":"EA","salesDate":"2022.02.10"},
                    {"plant":1000,"prodId":"CRS101_GR_95","salesAmount":4,"unit":"EA","salesDate":"2022.02.11"},
                    {"plant":1000,"prodId":"CRS101_GR_95","salesAmount":0,"unit":"EA","salesDate":"2022.02.12"},
                    {"plant":1000,"prodId":"CRS101_GR_95","salesAmount":3,"unit":"EA","salesDate":"2022.02.13"},
                    {"plant":1000,"prodId":"CRS101_GR_95","salesAmount":1,"unit":"EA","salesDate":"2022.02.14"},
                    {"plant":1000,"prodId":"CRS101_GR_95","salesAmount":0,"unit":"EA","salesDate":"2022.02.15"},
                    {"plant":1000,"prodId":"CRS101_GR_95","salesAmount":1,"unit":"EA","salesDate":"2022.02.16"},
                    {"plant":1000,"prodId":"CRS101_GR_95","salesAmount":3,"unit":"EA","salesDate":"2022.02.17"},
                    {"plant":1000,"prodId":"CRS101_GR_95","salesAmount":2,"unit":"EA","salesDate":"2022.02.18"},
                    {"plant":1000,"prodId":"CRS101_GR_95","salesAmount":0,"unit":"EA","salesDate":"2022.02.19"},
                    {"plant":1000,"prodId":"CRS101_GR_95","salesAmount":1,"unit":"EA","salesDate":"2022.02.20"},
                    {"plant":1000,"prodId":"CRS101_GR_95","salesAmount":1,"unit":"EA","salesDate":"2022.02.21"},
                    {"plant":1000,"prodId":"CRS101_GR_95","salesAmount":4,"unit":"EA","salesDate":"2022.02.22"},
                    {"plant":1000,"prodId":"CRS101_GR_95","salesAmount":0,"unit":"EA","salesDate":"2022.02.23"},
                    {"plant":1000,"prodId":"CRS101_GR_95","salesAmount":5,"unit":"EA","salesDate":"2022.02.24"},
                    {"plant":1000,"prodId":"CRS101_GR_95","salesAmount":1,"unit":"EA","salesDate":"2022.02.25"},
                    {"plant":1000,"prodId":"CRS101_GR_95","salesAmount":0,"unit":"EA","salesDate":"2022.02.26"},
                    {"plant":1000,"prodId":"CRS101_GR_95","salesAmount":1,"unit":"EA","salesDate":"2022.02.27"},
                    {"plant":1000,"prodId":"CRS101_GR_95","salesAmount":3,"unit":"EA","salesDate":"2022.02.28"}]
		},
		{
			"prodId": "CRS101_GR_100",
			"plant": 1000,
			"stock": 5,
			"preStock": 0,
			"unit": "EA",
            "prodInfo": {
                "prodId": "CRS101_GR_100",
                "prodName": "캐시미어 라운드 스웨터",
                "prodCol": "Gray",
                "prodSize": "100",
                "purCost": 50000,
                "sellPrice": 200000,
                "currency": "won",
                "unit": "EA",
                "vendorId": "V0001"
            },
            "safety": {
                "storeLevel": 1,
                "safety": 5
            },
            "sales": [{"plant":1000,"prodId":"CRS101_GR_95","salesAmount":2,"unit":"EA","salesDate":"2022.02.07"},
                    {"plant":1000,"prodId":"CRS101_GR_95","salesAmount":0,"unit":"EA","salesDate":"2022.02.08"},
                    {"plant":1000,"prodId":"CRS101_GR_95","salesAmount":1,"unit":"EA","salesDate":"2022.02.09"},
                    {"plant":1000,"prodId":"CRS101_GR_95","salesAmount":1,"unit":"EA","salesDate":"2022.02.10"},
                    {"plant":1000,"prodId":"CRS101_GR_95","salesAmount":4,"unit":"EA","salesDate":"2022.02.11"},
                    {"plant":1000,"prodId":"CRS101_GR_95","salesAmount":0,"unit":"EA","salesDate":"2022.02.12"},
                    {"plant":1000,"prodId":"CRS101_GR_95","salesAmount":3,"unit":"EA","salesDate":"2022.02.13"},
                    {"plant":1000,"prodId":"CRS101_GR_95","salesAmount":1,"unit":"EA","salesDate":"2022.02.14"},
                    {"plant":1000,"prodId":"CRS101_GR_95","salesAmount":0,"unit":"EA","salesDate":"2022.02.15"},
                    {"plant":1000,"prodId":"CRS101_GR_95","salesAmount":1,"unit":"EA","salesDate":"2022.02.16"},
                    {"plant":1000,"prodId":"CRS101_GR_95","salesAmount":3,"unit":"EA","salesDate":"2022.02.17"},
                    {"plant":1000,"prodId":"CRS101_GR_95","salesAmount":2,"unit":"EA","salesDate":"2022.02.18"},
                    {"plant":1000,"prodId":"CRS101_GR_95","salesAmount":0,"unit":"EA","salesDate":"2022.02.19"},
                    {"plant":1000,"prodId":"CRS101_GR_95","salesAmount":1,"unit":"EA","salesDate":"2022.02.20"},
                    {"plant":1000,"prodId":"CRS101_GR_95","salesAmount":1,"unit":"EA","salesDate":"2022.02.21"},
                    {"plant":1000,"prodId":"CRS101_GR_95","salesAmount":4,"unit":"EA","salesDate":"2022.02.22"},
                    {"plant":1000,"prodId":"CRS101_GR_95","salesAmount":0,"unit":"EA","salesDate":"2022.02.23"},
                    {"plant":1000,"prodId":"CRS101_GR_95","salesAmount":5,"unit":"EA","salesDate":"2022.02.24"},
                    {"plant":1000,"prodId":"CRS101_GR_95","salesAmount":1,"unit":"EA","salesDate":"2022.02.25"},
                    {"plant":1000,"prodId":"CRS101_GR_95","salesAmount":0,"unit":"EA","salesDate":"2022.02.26"},
                    {"plant":1000,"prodId":"CRS101_GR_95","salesAmount":1,"unit":"EA","salesDate":"2022.02.27"},
                    {"plant":1000,"prodId":"CRS101_GR_95","salesAmount":3,"unit":"EA","salesDate":"2022.02.28"}]
		},
		{
			"prodId": "CRS101_GR_105",
			"plant": 1000,
			"stock": 6,
			"preStock": 0,
			"unit": "EA",
            "prodInfo": {
                "prodId": "CRS101_GR_105",
                "prodName": "캐시미어 라운드 스웨터",
                "prodCol": "Gray",
                "prodSize": "105",
                "purCost": 50000,
                "sellPrice": 200000,
                "currency": "won",
                "unit": "EA",
                "vendorId": "V0001"
            },
            "safety": {
                "storeLevel": 1,
                "safety": 5
            },
            "sales": [{"plant":1000,"prodId":"CRS101_GR_95","salesAmount":2,"unit":"EA","salesDate":"2022.02.07"},
                    {"plant":1000,"prodId":"CRS101_GR_95","salesAmount":0,"unit":"EA","salesDate":"2022.02.08"},
                    {"plant":1000,"prodId":"CRS101_GR_95","salesAmount":1,"unit":"EA","salesDate":"2022.02.09"},
                    {"plant":1000,"prodId":"CRS101_GR_95","salesAmount":1,"unit":"EA","salesDate":"2022.02.10"},
                    {"plant":1000,"prodId":"CRS101_GR_95","salesAmount":4,"unit":"EA","salesDate":"2022.02.11"},
                    {"plant":1000,"prodId":"CRS101_GR_95","salesAmount":0,"unit":"EA","salesDate":"2022.02.12"},
                    {"plant":1000,"prodId":"CRS101_GR_95","salesAmount":3,"unit":"EA","salesDate":"2022.02.13"},
                    {"plant":1000,"prodId":"CRS101_GR_95","salesAmount":1,"unit":"EA","salesDate":"2022.02.14"},
                    {"plant":1000,"prodId":"CRS101_GR_95","salesAmount":0,"unit":"EA","salesDate":"2022.02.15"},
                    {"plant":1000,"prodId":"CRS101_GR_95","salesAmount":1,"unit":"EA","salesDate":"2022.02.16"},
                    {"plant":1000,"prodId":"CRS101_GR_95","salesAmount":3,"unit":"EA","salesDate":"2022.02.17"},
                    {"plant":1000,"prodId":"CRS101_GR_95","salesAmount":2,"unit":"EA","salesDate":"2022.02.18"},
                    {"plant":1000,"prodId":"CRS101_GR_95","salesAmount":0,"unit":"EA","salesDate":"2022.02.19"},
                    {"plant":1000,"prodId":"CRS101_GR_95","salesAmount":1,"unit":"EA","salesDate":"2022.02.20"},
                    {"plant":1000,"prodId":"CRS101_GR_95","salesAmount":1,"unit":"EA","salesDate":"2022.02.21"},
                    {"plant":1000,"prodId":"CRS101_GR_95","salesAmount":4,"unit":"EA","salesDate":"2022.02.22"},
                    {"plant":1000,"prodId":"CRS101_GR_95","salesAmount":0,"unit":"EA","salesDate":"2022.02.23"},
                    {"plant":1000,"prodId":"CRS101_GR_95","salesAmount":5,"unit":"EA","salesDate":"2022.02.24"},
                    {"plant":1000,"prodId":"CRS101_GR_95","salesAmount":1,"unit":"EA","salesDate":"2022.02.25"},
                    {"plant":1000,"prodId":"CRS101_GR_95","salesAmount":0,"unit":"EA","salesDate":"2022.02.26"},
                    {"plant":1000,"prodId":"CRS101_GR_95","salesAmount":1,"unit":"EA","salesDate":"2022.02.27"},
                    {"plant":1000,"prodId":"CRS101_GR_95","salesAmount":3,"unit":"EA","salesDate":"2022.02.28"}]
		},
		{
			"prodId": "CRS101_GR_110",
			"plant": 1000,
			"stock": 4,
			"preStock": 0,
			"unit": "EA",
            "prodInfo": {
                "prodId": "CRS101_GR_110",
                "prodName": "캐시미어 라운드 스웨터",
                "prodCol": "Gray",
                "prodSize": "110",
                "purCost": 50000,
                "sellPrice": 200000,
                "currency": "won",
                "unit": "EA",
                "vendorId": "V0001"
            },
            "safety": {
                "storeLevel": 1,
                "safety": 5
            },
            "sales": [{"plant":1000,"prodId":"CRS101_GR_95","salesAmount":2,"unit":"EA","salesDate":"2022.02.07"},
                    {"plant":1000,"prodId":"CRS101_GR_95","salesAmount":0,"unit":"EA","salesDate":"2022.02.08"},
                    {"plant":1000,"prodId":"CRS101_GR_95","salesAmount":1,"unit":"EA","salesDate":"2022.02.09"},
                    {"plant":1000,"prodId":"CRS101_GR_95","salesAmount":1,"unit":"EA","salesDate":"2022.02.10"},
                    {"plant":1000,"prodId":"CRS101_GR_95","salesAmount":4,"unit":"EA","salesDate":"2022.02.11"},
                    {"plant":1000,"prodId":"CRS101_GR_95","salesAmount":0,"unit":"EA","salesDate":"2022.02.12"},
                    {"plant":1000,"prodId":"CRS101_GR_95","salesAmount":3,"unit":"EA","salesDate":"2022.02.13"},
                    {"plant":1000,"prodId":"CRS101_GR_95","salesAmount":1,"unit":"EA","salesDate":"2022.02.14"},
                    {"plant":1000,"prodId":"CRS101_GR_95","salesAmount":0,"unit":"EA","salesDate":"2022.02.15"},
                    {"plant":1000,"prodId":"CRS101_GR_95","salesAmount":1,"unit":"EA","salesDate":"2022.02.16"},
                    {"plant":1000,"prodId":"CRS101_GR_95","salesAmount":3,"unit":"EA","salesDate":"2022.02.17"},
                    {"plant":1000,"prodId":"CRS101_GR_95","salesAmount":2,"unit":"EA","salesDate":"2022.02.18"},
                    {"plant":1000,"prodId":"CRS101_GR_95","salesAmount":0,"unit":"EA","salesDate":"2022.02.19"},
                    {"plant":1000,"prodId":"CRS101_GR_95","salesAmount":1,"unit":"EA","salesDate":"2022.02.20"},
                    {"plant":1000,"prodId":"CRS101_GR_95","salesAmount":1,"unit":"EA","salesDate":"2022.02.21"},
                    {"plant":1000,"prodId":"CRS101_GR_95","salesAmount":4,"unit":"EA","salesDate":"2022.02.22"},
                    {"plant":1000,"prodId":"CRS101_GR_95","salesAmount":0,"unit":"EA","salesDate":"2022.02.23"},
                    {"plant":1000,"prodId":"CRS101_GR_95","salesAmount":5,"unit":"EA","salesDate":"2022.02.24"},
                    {"plant":1000,"prodId":"CRS101_GR_95","salesAmount":1,"unit":"EA","salesDate":"2022.02.25"},
                    {"plant":1000,"prodId":"CRS101_GR_95","salesAmount":0,"unit":"EA","salesDate":"2022.02.26"},
                    {"plant":1000,"prodId":"CRS101_GR_95","salesAmount":1,"unit":"EA","salesDate":"2022.02.27"},
                    {"plant":1000,"prodId":"CRS101_GR_95","salesAmount":3,"unit":"EA","salesDate":"2022.02.28"}]
		},
		{
			"prodId": "CRS101_BK_95",
			"plant": 1000,
			"stock": 5,
			"preStock": 0,
			"unit": "EA",
            "prodInfo": {
                "prodId": "CRS101_BK_95",
                "prodName": "캐시미어 라운드 스웨터",
                "prodCol": "Black",
                "prodSize": "95",
                "purCost": 50000,
                "sellPrice": 200000,
                "currency": "won",
                "unit": "EA",
                "vendorId": "V0001"
            },
            "safety": {
                "storeLevel": 1,
                "safety": 5
            },
            "sales": [{"plant":1000,"prodId":"CRS101_GR_95","salesAmount":2,"unit":"EA","salesDate":"2022.02.07"},
                    {"plant":1000,"prodId":"CRS101_GR_95","salesAmount":0,"unit":"EA","salesDate":"2022.02.08"},
                    {"plant":1000,"prodId":"CRS101_GR_95","salesAmount":1,"unit":"EA","salesDate":"2022.02.09"},
                    {"plant":1000,"prodId":"CRS101_GR_95","salesAmount":1,"unit":"EA","salesDate":"2022.02.10"},
                    {"plant":1000,"prodId":"CRS101_GR_95","salesAmount":4,"unit":"EA","salesDate":"2022.02.11"},
                    {"plant":1000,"prodId":"CRS101_GR_95","salesAmount":0,"unit":"EA","salesDate":"2022.02.12"},
                    {"plant":1000,"prodId":"CRS101_GR_95","salesAmount":3,"unit":"EA","salesDate":"2022.02.13"},
                    {"plant":1000,"prodId":"CRS101_GR_95","salesAmount":1,"unit":"EA","salesDate":"2022.02.14"},
                    {"plant":1000,"prodId":"CRS101_GR_95","salesAmount":0,"unit":"EA","salesDate":"2022.02.15"},
                    {"plant":1000,"prodId":"CRS101_GR_95","salesAmount":1,"unit":"EA","salesDate":"2022.02.16"},
                    {"plant":1000,"prodId":"CRS101_GR_95","salesAmount":3,"unit":"EA","salesDate":"2022.02.17"},
                    {"plant":1000,"prodId":"CRS101_GR_95","salesAmount":2,"unit":"EA","salesDate":"2022.02.18"},
                    {"plant":1000,"prodId":"CRS101_GR_95","salesAmount":0,"unit":"EA","salesDate":"2022.02.19"},
                    {"plant":1000,"prodId":"CRS101_GR_95","salesAmount":1,"unit":"EA","salesDate":"2022.02.20"},
                    {"plant":1000,"prodId":"CRS101_GR_95","salesAmount":1,"unit":"EA","salesDate":"2022.02.21"},
                    {"plant":1000,"prodId":"CRS101_GR_95","salesAmount":4,"unit":"EA","salesDate":"2022.02.22"},
                    {"plant":1000,"prodId":"CRS101_GR_95","salesAmount":0,"unit":"EA","salesDate":"2022.02.23"},
                    {"plant":1000,"prodId":"CRS101_GR_95","salesAmount":5,"unit":"EA","salesDate":"2022.02.24"},
                    {"plant":1000,"prodId":"CRS101_GR_95","salesAmount":1,"unit":"EA","salesDate":"2022.02.25"},
                    {"plant":1000,"prodId":"CRS101_GR_95","salesAmount":0,"unit":"EA","salesDate":"2022.02.26"},
                    {"plant":1000,"prodId":"CRS101_GR_95","salesAmount":1,"unit":"EA","salesDate":"2022.02.27"},
                    {"plant":1000,"prodId":"CRS101_GR_95","salesAmount":3,"unit":"EA","salesDate":"2022.02.28"}]
		},
		{
			"prodId": "CRS101_BK_100",
			"plant": 1000,
			"stock": 7,
			"preStock": 0,
			"unit": "EA",
            "prodInfo": {
                "prodId": "CRS101_BK_100",
                "prodName": "캐시미어 라운드 스웨터",
                "prodCol": "Black",
                "prodSize": "100",
                "purCost": 50000,
                "sellPrice": 200000,
                "currency": "won",
                "unit": "EA",
                "vendorId": "V0001"
            },
            "safety": {
                "storeLevel": 1,
                "safety": 5
            },
            "sales": [{"plant":1000,"prodId":"CRS101_GR_95","salesAmount":2,"unit":"EA","salesDate":"2022.02.07"},
                    {"plant":1000,"prodId":"CRS101_GR_95","salesAmount":0,"unit":"EA","salesDate":"2022.02.08"},
                    {"plant":1000,"prodId":"CRS101_GR_95","salesAmount":1,"unit":"EA","salesDate":"2022.02.09"},
                    {"plant":1000,"prodId":"CRS101_GR_95","salesAmount":1,"unit":"EA","salesDate":"2022.02.10"},
                    {"plant":1000,"prodId":"CRS101_GR_95","salesAmount":4,"unit":"EA","salesDate":"2022.02.11"},
                    {"plant":1000,"prodId":"CRS101_GR_95","salesAmount":0,"unit":"EA","salesDate":"2022.02.12"},
                    {"plant":1000,"prodId":"CRS101_GR_95","salesAmount":3,"unit":"EA","salesDate":"2022.02.13"},
                    {"plant":1000,"prodId":"CRS101_GR_95","salesAmount":1,"unit":"EA","salesDate":"2022.02.14"},
                    {"plant":1000,"prodId":"CRS101_GR_95","salesAmount":0,"unit":"EA","salesDate":"2022.02.15"},
                    {"plant":1000,"prodId":"CRS101_GR_95","salesAmount":1,"unit":"EA","salesDate":"2022.02.16"},
                    {"plant":1000,"prodId":"CRS101_GR_95","salesAmount":3,"unit":"EA","salesDate":"2022.02.17"},
                    {"plant":1000,"prodId":"CRS101_GR_95","salesAmount":2,"unit":"EA","salesDate":"2022.02.18"},
                    {"plant":1000,"prodId":"CRS101_GR_95","salesAmount":0,"unit":"EA","salesDate":"2022.02.19"},
                    {"plant":1000,"prodId":"CRS101_GR_95","salesAmount":1,"unit":"EA","salesDate":"2022.02.20"},
                    {"plant":1000,"prodId":"CRS101_GR_95","salesAmount":1,"unit":"EA","salesDate":"2022.02.21"},
                    {"plant":1000,"prodId":"CRS101_GR_95","salesAmount":4,"unit":"EA","salesDate":"2022.02.22"},
                    {"plant":1000,"prodId":"CRS101_GR_95","salesAmount":0,"unit":"EA","salesDate":"2022.02.23"},
                    {"plant":1000,"prodId":"CRS101_GR_95","salesAmount":5,"unit":"EA","salesDate":"2022.02.24"},
                    {"plant":1000,"prodId":"CRS101_GR_95","salesAmount":1,"unit":"EA","salesDate":"2022.02.25"},
                    {"plant":1000,"prodId":"CRS101_GR_95","salesAmount":0,"unit":"EA","salesDate":"2022.02.26"},
                    {"plant":1000,"prodId":"CRS101_GR_95","salesAmount":1,"unit":"EA","salesDate":"2022.02.27"},
                    {"plant":1000,"prodId":"CRS101_GR_95","salesAmount":3,"unit":"EA","salesDate":"2022.02.28"}]
		},
		{
			"prodId": "CRS101_BK_105",
			"plant": 1000,
			"stock": 3,
			"preStock": 0,
			"unit": "EA",
            "prodInfo": {
                "prodId": "CRS101_BK_105",
                "prodName": "캐시미어 라운드 스웨터",
                "prodCol": "Black",
                "prodSize": "105",
                "purCost": 50000,
                "sellPrice": 200000,
                "currency": "won",
                "unit": "EA",
                "vendorId": "V0001"
            },
            "safety": {
                "storeLevel": 1,
                "safety": 5
            },
            "sales": [{"plant":1000,"prodId":"CRS101_GR_95","salesAmount":2,"unit":"EA","salesDate":"2022.02.07"},
                    {"plant":1000,"prodId":"CRS101_GR_95","salesAmount":0,"unit":"EA","salesDate":"2022.02.08"},
                    {"plant":1000,"prodId":"CRS101_GR_95","salesAmount":1,"unit":"EA","salesDate":"2022.02.09"},
                    {"plant":1000,"prodId":"CRS101_GR_95","salesAmount":1,"unit":"EA","salesDate":"2022.02.10"},
                    {"plant":1000,"prodId":"CRS101_GR_95","salesAmount":4,"unit":"EA","salesDate":"2022.02.11"},
                    {"plant":1000,"prodId":"CRS101_GR_95","salesAmount":0,"unit":"EA","salesDate":"2022.02.12"},
                    {"plant":1000,"prodId":"CRS101_GR_95","salesAmount":3,"unit":"EA","salesDate":"2022.02.13"},
                    {"plant":1000,"prodId":"CRS101_GR_95","salesAmount":1,"unit":"EA","salesDate":"2022.02.14"},
                    {"plant":1000,"prodId":"CRS101_GR_95","salesAmount":0,"unit":"EA","salesDate":"2022.02.15"},
                    {"plant":1000,"prodId":"CRS101_GR_95","salesAmount":1,"unit":"EA","salesDate":"2022.02.16"},
                    {"plant":1000,"prodId":"CRS101_GR_95","salesAmount":3,"unit":"EA","salesDate":"2022.02.17"},
                    {"plant":1000,"prodId":"CRS101_GR_95","salesAmount":2,"unit":"EA","salesDate":"2022.02.18"},
                    {"plant":1000,"prodId":"CRS101_GR_95","salesAmount":0,"unit":"EA","salesDate":"2022.02.19"},
                    {"plant":1000,"prodId":"CRS101_GR_95","salesAmount":1,"unit":"EA","salesDate":"2022.02.20"},
                    {"plant":1000,"prodId":"CRS101_GR_95","salesAmount":1,"unit":"EA","salesDate":"2022.02.21"},
                    {"plant":1000,"prodId":"CRS101_GR_95","salesAmount":4,"unit":"EA","salesDate":"2022.02.22"},
                    {"plant":1000,"prodId":"CRS101_GR_95","salesAmount":0,"unit":"EA","salesDate":"2022.02.23"},
                    {"plant":1000,"prodId":"CRS101_GR_95","salesAmount":5,"unit":"EA","salesDate":"2022.02.24"},
                    {"plant":1000,"prodId":"CRS101_GR_95","salesAmount":1,"unit":"EA","salesDate":"2022.02.25"},
                    {"plant":1000,"prodId":"CRS101_GR_95","salesAmount":0,"unit":"EA","salesDate":"2022.02.26"},
                    {"plant":1000,"prodId":"CRS101_GR_95","salesAmount":1,"unit":"EA","salesDate":"2022.02.27"},
                    {"plant":1000,"prodId":"CRS101_GR_95","salesAmount":3,"unit":"EA","salesDate":"2022.02.28"}]
		},
		{
			"prodId": "CRS101_BK_110",
			"plant": 1000,
			"stock": 5,
			"preStock": 0,
			"unit": "EA",
            "prodInfo": {
                "prodId": "CRS101_BK_110",
                "prodName": "캐시미어 라운드 스웨터",
                "prodCol": "Black",
                "prodSize": "110",
                "purCost": 50000,
                "sellPrice": 200000,
                "currency": "won",
                "unit": "EA",
                "vendorId": "V0001"
            },
            "safety": {
                "storeLevel": 1,
                "safety": 5
            },
            "sales": [{"plant":1000,"prodId":"CRS101_GR_95","salesAmount":2,"unit":"EA","salesDate":"2022.02.07"},
                    {"plant":1000,"prodId":"CRS101_GR_95","salesAmount":0,"unit":"EA","salesDate":"2022.02.08"},
                    {"plant":1000,"prodId":"CRS101_GR_95","salesAmount":1,"unit":"EA","salesDate":"2022.02.09"},
                    {"plant":1000,"prodId":"CRS101_GR_95","salesAmount":1,"unit":"EA","salesDate":"2022.02.10"},
                    {"plant":1000,"prodId":"CRS101_GR_95","salesAmount":4,"unit":"EA","salesDate":"2022.02.11"},
                    {"plant":1000,"prodId":"CRS101_GR_95","salesAmount":0,"unit":"EA","salesDate":"2022.02.12"},
                    {"plant":1000,"prodId":"CRS101_GR_95","salesAmount":3,"unit":"EA","salesDate":"2022.02.13"},
                    {"plant":1000,"prodId":"CRS101_GR_95","salesAmount":1,"unit":"EA","salesDate":"2022.02.14"},
                    {"plant":1000,"prodId":"CRS101_GR_95","salesAmount":0,"unit":"EA","salesDate":"2022.02.15"},
                    {"plant":1000,"prodId":"CRS101_GR_95","salesAmount":1,"unit":"EA","salesDate":"2022.02.16"},
                    {"plant":1000,"prodId":"CRS101_GR_95","salesAmount":3,"unit":"EA","salesDate":"2022.02.17"},
                    {"plant":1000,"prodId":"CRS101_GR_95","salesAmount":2,"unit":"EA","salesDate":"2022.02.18"},
                    {"plant":1000,"prodId":"CRS101_GR_95","salesAmount":0,"unit":"EA","salesDate":"2022.02.19"},
                    {"plant":1000,"prodId":"CRS101_GR_95","salesAmount":1,"unit":"EA","salesDate":"2022.02.20"},
                    {"plant":1000,"prodId":"CRS101_GR_95","salesAmount":1,"unit":"EA","salesDate":"2022.02.21"},
                    {"plant":1000,"prodId":"CRS101_GR_95","salesAmount":4,"unit":"EA","salesDate":"2022.02.22"},
                    {"plant":1000,"prodId":"CRS101_GR_95","salesAmount":0,"unit":"EA","salesDate":"2022.02.23"},
                    {"plant":1000,"prodId":"CRS101_GR_95","salesAmount":5,"unit":"EA","salesDate":"2022.02.24"},
                    {"plant":1000,"prodId":"CRS101_GR_95","salesAmount":1,"unit":"EA","salesDate":"2022.02.25"},
                    {"plant":1000,"prodId":"CRS101_GR_95","salesAmount":0,"unit":"EA","salesDate":"2022.02.26"},
                    {"plant":1000,"prodId":"CRS101_GR_95","salesAmount":1,"unit":"EA","salesDate":"2022.02.27"},
                    {"plant":1000,"prodId":"CRS101_GR_95","salesAmount":3,"unit":"EA","salesDate":"2022.02.28"}]
		},
		{
			"prodId": "CDP201_BK_F",
			"plant": 1000,
			"stock": 2,
			"preStock": 3,
			"unit": "EA",
            "prodInfo": {
                "prodId": "CDP201_BK_F",
                "prodName": "코듀로이 팬츠",
                "prodCol": "Black",
                "prodSize": "Free",
                "purCost": 10000,
                "sellPrice": 80000,
                "currency": "won",
                "unit": "EA",
                "vendorId": "V0002"
            },
            "safety": {
                "storeLevel": 1,
                "safety": 5
            },
            "sales": [{"plant":1000,"prodId":"CRS101_GR_95","salesAmount":2,"unit":"EA","salesDate":"2022.02.07"},
                    {"plant":1000,"prodId":"CRS101_GR_95","salesAmount":0,"unit":"EA","salesDate":"2022.02.08"},
                    {"plant":1000,"prodId":"CRS101_GR_95","salesAmount":1,"unit":"EA","salesDate":"2022.02.09"},
                    {"plant":1000,"prodId":"CRS101_GR_95","salesAmount":1,"unit":"EA","salesDate":"2022.02.10"},
                    {"plant":1000,"prodId":"CRS101_GR_95","salesAmount":4,"unit":"EA","salesDate":"2022.02.11"},
                    {"plant":1000,"prodId":"CRS101_GR_95","salesAmount":0,"unit":"EA","salesDate":"2022.02.12"},
                    {"plant":1000,"prodId":"CRS101_GR_95","salesAmount":3,"unit":"EA","salesDate":"2022.02.13"},
                    {"plant":1000,"prodId":"CRS101_GR_95","salesAmount":1,"unit":"EA","salesDate":"2022.02.14"},
                    {"plant":1000,"prodId":"CRS101_GR_95","salesAmount":0,"unit":"EA","salesDate":"2022.02.15"},
                    {"plant":1000,"prodId":"CRS101_GR_95","salesAmount":1,"unit":"EA","salesDate":"2022.02.16"},
                    {"plant":1000,"prodId":"CRS101_GR_95","salesAmount":3,"unit":"EA","salesDate":"2022.02.17"},
                    {"plant":1000,"prodId":"CRS101_GR_95","salesAmount":2,"unit":"EA","salesDate":"2022.02.18"},
                    {"plant":1000,"prodId":"CRS101_GR_95","salesAmount":0,"unit":"EA","salesDate":"2022.02.19"},
                    {"plant":1000,"prodId":"CRS101_GR_95","salesAmount":1,"unit":"EA","salesDate":"2022.02.20"},
                    {"plant":1000,"prodId":"CRS101_GR_95","salesAmount":1,"unit":"EA","salesDate":"2022.02.21"},
                    {"plant":1000,"prodId":"CRS101_GR_95","salesAmount":4,"unit":"EA","salesDate":"2022.02.22"},
                    {"plant":1000,"prodId":"CRS101_GR_95","salesAmount":0,"unit":"EA","salesDate":"2022.02.23"},
                    {"plant":1000,"prodId":"CRS101_GR_95","salesAmount":5,"unit":"EA","salesDate":"2022.02.24"},
                    {"plant":1000,"prodId":"CRS101_GR_95","salesAmount":1,"unit":"EA","salesDate":"2022.02.25"},
                    {"plant":1000,"prodId":"CRS101_GR_95","salesAmount":0,"unit":"EA","salesDate":"2022.02.26"},
                    {"plant":1000,"prodId":"CRS101_GR_95","salesAmount":1,"unit":"EA","salesDate":"2022.02.27"},
                    {"plant":1000,"prodId":"CRS101_GR_95","salesAmount":3,"unit":"EA","salesDate":"2022.02.28"}]
		},
		{
			"prodId": "CDP201_BG_F",
			"plant": 1000,
			"stock": 0,
			"preStock": 5,
			"unit": "EA",
            "prodInfo": {
                "prodId": "CDP201_BG_F",
                "prodName": "코듀로이 팬츠",
                "prodCol": "Beige",
                "prodSize": "Free",
                "purCost": 10000,
                "sellPrice": 80000,
                "currency": "won",
                "unit": "EA",
                "vendorId": "V0002"
            },
            "safety": {
                "storeLevel": 1,
                "safety": 5
            },
            "sales": [{"plant":1000,"prodId":"CRS101_GR_95","salesAmount":2,"unit":"EA","salesDate":"2022.02.07"},
                    {"plant":1000,"prodId":"CRS101_GR_95","salesAmount":0,"unit":"EA","salesDate":"2022.02.08"},
                    {"plant":1000,"prodId":"CRS101_GR_95","salesAmount":1,"unit":"EA","salesDate":"2022.02.09"},
                    {"plant":1000,"prodId":"CRS101_GR_95","salesAmount":1,"unit":"EA","salesDate":"2022.02.10"},
                    {"plant":1000,"prodId":"CRS101_GR_95","salesAmount":4,"unit":"EA","salesDate":"2022.02.11"},
                    {"plant":1000,"prodId":"CRS101_GR_95","salesAmount":0,"unit":"EA","salesDate":"2022.02.12"},
                    {"plant":1000,"prodId":"CRS101_GR_95","salesAmount":3,"unit":"EA","salesDate":"2022.02.13"},
                    {"plant":1000,"prodId":"CRS101_GR_95","salesAmount":1,"unit":"EA","salesDate":"2022.02.14"},
                    {"plant":1000,"prodId":"CRS101_GR_95","salesAmount":0,"unit":"EA","salesDate":"2022.02.15"},
                    {"plant":1000,"prodId":"CRS101_GR_95","salesAmount":1,"unit":"EA","salesDate":"2022.02.16"},
                    {"plant":1000,"prodId":"CRS101_GR_95","salesAmount":3,"unit":"EA","salesDate":"2022.02.17"},
                    {"plant":1000,"prodId":"CRS101_GR_95","salesAmount":2,"unit":"EA","salesDate":"2022.02.18"},
                    {"plant":1000,"prodId":"CRS101_GR_95","salesAmount":0,"unit":"EA","salesDate":"2022.02.19"},
                    {"plant":1000,"prodId":"CRS101_GR_95","salesAmount":1,"unit":"EA","salesDate":"2022.02.20"},
                    {"plant":1000,"prodId":"CRS101_GR_95","salesAmount":1,"unit":"EA","salesDate":"2022.02.21"},
                    {"plant":1000,"prodId":"CRS101_GR_95","salesAmount":4,"unit":"EA","salesDate":"2022.02.22"},
                    {"plant":1000,"prodId":"CRS101_GR_95","salesAmount":0,"unit":"EA","salesDate":"2022.02.23"},
                    {"plant":1000,"prodId":"CRS101_GR_95","salesAmount":5,"unit":"EA","salesDate":"2022.02.24"},
                    {"plant":1000,"prodId":"CRS101_GR_95","salesAmount":1,"unit":"EA","salesDate":"2022.02.25"},
                    {"plant":1000,"prodId":"CRS101_GR_95","salesAmount":0,"unit":"EA","salesDate":"2022.02.26"},
                    {"plant":1000,"prodId":"CRS101_GR_95","salesAmount":1,"unit":"EA","salesDate":"2022.02.27"},
                    {"plant":1000,"prodId":"CRS101_GR_95","salesAmount":3,"unit":"EA","salesDate":"2022.02.28"}]
		},
		{
			"prodId": "CDP201_PK_F",
			"plant": 1000,
			"stock": 2,
			"preStock": 4,
			"unit": "EA",
            "prodInfo": {
                "prodId": "CDP201_PK_F",
                "prodName": "코듀로이 팬츠",
                "prodCol": "Pink",
                "prodSize": "Free",
                "purCost": 10000,
                "sellPrice": 80000,
                "currency": "won",
                "unit": "EA",
                "vendorId": "V0002"
            },
            "safety": {
                "storeLevel": 1,
                "safety": 5
            },
            "sales": [{"plant":1000,"prodId":"CRS101_GR_95","salesAmount":2,"unit":"EA","salesDate":"2022.02.07"},
                    {"plant":1000,"prodId":"CRS101_GR_95","salesAmount":0,"unit":"EA","salesDate":"2022.02.08"},
                    {"plant":1000,"prodId":"CRS101_GR_95","salesAmount":1,"unit":"EA","salesDate":"2022.02.09"},
                    {"plant":1000,"prodId":"CRS101_GR_95","salesAmount":1,"unit":"EA","salesDate":"2022.02.10"},
                    {"plant":1000,"prodId":"CRS101_GR_95","salesAmount":4,"unit":"EA","salesDate":"2022.02.11"},
                    {"plant":1000,"prodId":"CRS101_GR_95","salesAmount":0,"unit":"EA","salesDate":"2022.02.12"},
                    {"plant":1000,"prodId":"CRS101_GR_95","salesAmount":3,"unit":"EA","salesDate":"2022.02.13"},
                    {"plant":1000,"prodId":"CRS101_GR_95","salesAmount":1,"unit":"EA","salesDate":"2022.02.14"},
                    {"plant":1000,"prodId":"CRS101_GR_95","salesAmount":0,"unit":"EA","salesDate":"2022.02.15"},
                    {"plant":1000,"prodId":"CRS101_GR_95","salesAmount":1,"unit":"EA","salesDate":"2022.02.16"},
                    {"plant":1000,"prodId":"CRS101_GR_95","salesAmount":3,"unit":"EA","salesDate":"2022.02.17"},
                    {"plant":1000,"prodId":"CRS101_GR_95","salesAmount":2,"unit":"EA","salesDate":"2022.02.18"},
                    {"plant":1000,"prodId":"CRS101_GR_95","salesAmount":0,"unit":"EA","salesDate":"2022.02.19"},
                    {"plant":1000,"prodId":"CRS101_GR_95","salesAmount":1,"unit":"EA","salesDate":"2022.02.20"},
                    {"plant":1000,"prodId":"CRS101_GR_95","salesAmount":1,"unit":"EA","salesDate":"2022.02.21"},
                    {"plant":1000,"prodId":"CRS101_GR_95","salesAmount":4,"unit":"EA","salesDate":"2022.02.22"},
                    {"plant":1000,"prodId":"CRS101_GR_95","salesAmount":0,"unit":"EA","salesDate":"2022.02.23"},
                    {"plant":1000,"prodId":"CRS101_GR_95","salesAmount":5,"unit":"EA","salesDate":"2022.02.24"},
                    {"plant":1000,"prodId":"CRS101_GR_95","salesAmount":1,"unit":"EA","salesDate":"2022.02.25"},
                    {"plant":1000,"prodId":"CRS101_GR_95","salesAmount":0,"unit":"EA","salesDate":"2022.02.26"},
                    {"plant":1000,"prodId":"CRS101_GR_95","salesAmount":1,"unit":"EA","salesDate":"2022.02.27"},
                    {"plant":1000,"prodId":"CRS101_GR_95","salesAmount":3,"unit":"EA","salesDate":"2022.02.28"}]
		},
		{
			"prodId": "CDP201_WH_F",
			"plant": 1000,
			"stock": 1,
			"preStock": 4,
			"unit": "EA",
            "prodInfo": {
                "prodId": "CDP201_WH_F",
                "prodName": "코듀로이 팬츠",
                "prodCol": "White",
                "prodSize": "Free",
                "purCost": 10000,
                "sellPrice": 80000,
                "currency": "won",
                "unit": "EA",
                "vendorId": "V0002"
            },
            "safety": {
                "storeLevel": 1,
                "safety": 5
            },
            "sales": [{"plant":1000,"prodId":"CRS101_GR_95","salesAmount":2,"unit":"EA","salesDate":"2022.02.07"},
                    {"plant":1000,"prodId":"CRS101_GR_95","salesAmount":0,"unit":"EA","salesDate":"2022.02.08"},
                    {"plant":1000,"prodId":"CRS101_GR_95","salesAmount":1,"unit":"EA","salesDate":"2022.02.09"},
                    {"plant":1000,"prodId":"CRS101_GR_95","salesAmount":1,"unit":"EA","salesDate":"2022.02.10"},
                    {"plant":1000,"prodId":"CRS101_GR_95","salesAmount":4,"unit":"EA","salesDate":"2022.02.11"},
                    {"plant":1000,"prodId":"CRS101_GR_95","salesAmount":0,"unit":"EA","salesDate":"2022.02.12"},
                    {"plant":1000,"prodId":"CRS101_GR_95","salesAmount":3,"unit":"EA","salesDate":"2022.02.13"},
                    {"plant":1000,"prodId":"CRS101_GR_95","salesAmount":1,"unit":"EA","salesDate":"2022.02.14"},
                    {"plant":1000,"prodId":"CRS101_GR_95","salesAmount":0,"unit":"EA","salesDate":"2022.02.15"},
                    {"plant":1000,"prodId":"CRS101_GR_95","salesAmount":1,"unit":"EA","salesDate":"2022.02.16"},
                    {"plant":1000,"prodId":"CRS101_GR_95","salesAmount":3,"unit":"EA","salesDate":"2022.02.17"},
                    {"plant":1000,"prodId":"CRS101_GR_95","salesAmount":2,"unit":"EA","salesDate":"2022.02.18"},
                    {"plant":1000,"prodId":"CRS101_GR_95","salesAmount":0,"unit":"EA","salesDate":"2022.02.19"},
                    {"plant":1000,"prodId":"CRS101_GR_95","salesAmount":1,"unit":"EA","salesDate":"2022.02.20"},
                    {"plant":1000,"prodId":"CRS101_GR_95","salesAmount":1,"unit":"EA","salesDate":"2022.02.21"},
                    {"plant":1000,"prodId":"CRS101_GR_95","salesAmount":4,"unit":"EA","salesDate":"2022.02.22"},
                    {"plant":1000,"prodId":"CRS101_GR_95","salesAmount":0,"unit":"EA","salesDate":"2022.02.23"},
                    {"plant":1000,"prodId":"CRS101_GR_95","salesAmount":5,"unit":"EA","salesDate":"2022.02.24"},
                    {"plant":1000,"prodId":"CRS101_GR_95","salesAmount":1,"unit":"EA","salesDate":"2022.02.25"},
                    {"plant":1000,"prodId":"CRS101_GR_95","salesAmount":0,"unit":"EA","salesDate":"2022.02.26"},
                    {"plant":1000,"prodId":"CRS101_GR_95","salesAmount":1,"unit":"EA","salesDate":"2022.02.27"},
                    {"plant":1000,"prodId":"CRS101_GR_95","salesAmount":3,"unit":"EA","salesDate":"2022.02.28"}]
		},
		{
			"prodId": "CDP201_KA_F",
			"plant": 1000,
			"stock": 4,
			"preStock": 0,
			"unit": "EA",
            "prodInfo": {
                "prodId": "CDP201_KA_F",
                "prodName": "코듀로이 팬츠",
                "prodCol": "Kaki",
                "prodSize": "Free",
                "purCost": 10000,
                "sellPrice": 80000,
                "currency": "won",
                "unit": "EA",
                "vendorId": "V0002"
            },
            "safety": {
                "storeLevel": 1,
                "safety": 5
            },
            "sales": [{"plant":1000,"prodId":"CRS101_GR_95","salesAmount":2,"unit":"EA","salesDate":"2022.02.07"},
                    {"plant":1000,"prodId":"CRS101_GR_95","salesAmount":0,"unit":"EA","salesDate":"2022.02.08"},
                    {"plant":1000,"prodId":"CRS101_GR_95","salesAmount":1,"unit":"EA","salesDate":"2022.02.09"},
                    {"plant":1000,"prodId":"CRS101_GR_95","salesAmount":1,"unit":"EA","salesDate":"2022.02.10"},
                    {"plant":1000,"prodId":"CRS101_GR_95","salesAmount":4,"unit":"EA","salesDate":"2022.02.11"},
                    {"plant":1000,"prodId":"CRS101_GR_95","salesAmount":0,"unit":"EA","salesDate":"2022.02.12"},
                    {"plant":1000,"prodId":"CRS101_GR_95","salesAmount":3,"unit":"EA","salesDate":"2022.02.13"},
                    {"plant":1000,"prodId":"CRS101_GR_95","salesAmount":1,"unit":"EA","salesDate":"2022.02.14"},
                    {"plant":1000,"prodId":"CRS101_GR_95","salesAmount":0,"unit":"EA","salesDate":"2022.02.15"},
                    {"plant":1000,"prodId":"CRS101_GR_95","salesAmount":1,"unit":"EA","salesDate":"2022.02.16"},
                    {"plant":1000,"prodId":"CRS101_GR_95","salesAmount":3,"unit":"EA","salesDate":"2022.02.17"},
                    {"plant":1000,"prodId":"CRS101_GR_95","salesAmount":2,"unit":"EA","salesDate":"2022.02.18"},
                    {"plant":1000,"prodId":"CRS101_GR_95","salesAmount":0,"unit":"EA","salesDate":"2022.02.19"},
                    {"plant":1000,"prodId":"CRS101_GR_95","salesAmount":1,"unit":"EA","salesDate":"2022.02.20"},
                    {"plant":1000,"prodId":"CRS101_GR_95","salesAmount":1,"unit":"EA","salesDate":"2022.02.21"},
                    {"plant":1000,"prodId":"CRS101_GR_95","salesAmount":4,"unit":"EA","salesDate":"2022.02.22"},
                    {"plant":1000,"prodId":"CRS101_GR_95","salesAmount":0,"unit":"EA","salesDate":"2022.02.23"},
                    {"plant":1000,"prodId":"CRS101_GR_95","salesAmount":5,"unit":"EA","salesDate":"2022.02.24"},
                    {"plant":1000,"prodId":"CRS101_GR_95","salesAmount":1,"unit":"EA","salesDate":"2022.02.25"},
                    {"plant":1000,"prodId":"CRS101_GR_95","salesAmount":0,"unit":"EA","salesDate":"2022.02.26"},
                    {"plant":1000,"prodId":"CRS101_GR_95","salesAmount":1,"unit":"EA","salesDate":"2022.02.27"},
                    {"plant":1000,"prodId":"CRS101_GR_95","salesAmount":3,"unit":"EA","salesDate":"2022.02.28"}]
		},
		{
			"prodId": "WLP202_BK_F",
			"plant": 1000,
			"stock": 5,
			"preStock": 0,
			"unit": "EA",
            "prodInfo": {
                "prodId": "WLP202_BK_F",
                "prodName": "울 팬츠",
                "prodCol": "Black",
                "prodSize": "Free",
                "purCost": 20000,
                "sellPrice": 100000,
                "currency": "won",
                "unit": "EA",
                "vendorId": "V0002"
            },
            "safety": {
                "storeLevel": 1,
                "safety": 5
            },
            "sales": [{"plant":1000,"prodId":"CRS101_GR_95","salesAmount":2,"unit":"EA","salesDate":"2022.02.07"},
                    {"plant":1000,"prodId":"CRS101_GR_95","salesAmount":0,"unit":"EA","salesDate":"2022.02.08"},
                    {"plant":1000,"prodId":"CRS101_GR_95","salesAmount":1,"unit":"EA","salesDate":"2022.02.09"},
                    {"plant":1000,"prodId":"CRS101_GR_95","salesAmount":1,"unit":"EA","salesDate":"2022.02.10"},
                    {"plant":1000,"prodId":"CRS101_GR_95","salesAmount":4,"unit":"EA","salesDate":"2022.02.11"},
                    {"plant":1000,"prodId":"CRS101_GR_95","salesAmount":0,"unit":"EA","salesDate":"2022.02.12"},
                    {"plant":1000,"prodId":"CRS101_GR_95","salesAmount":3,"unit":"EA","salesDate":"2022.02.13"},
                    {"plant":1000,"prodId":"CRS101_GR_95","salesAmount":1,"unit":"EA","salesDate":"2022.02.14"},
                    {"plant":1000,"prodId":"CRS101_GR_95","salesAmount":0,"unit":"EA","salesDate":"2022.02.15"},
                    {"plant":1000,"prodId":"CRS101_GR_95","salesAmount":1,"unit":"EA","salesDate":"2022.02.16"},
                    {"plant":1000,"prodId":"CRS101_GR_95","salesAmount":3,"unit":"EA","salesDate":"2022.02.17"},
                    {"plant":1000,"prodId":"CRS101_GR_95","salesAmount":2,"unit":"EA","salesDate":"2022.02.18"},
                    {"plant":1000,"prodId":"CRS101_GR_95","salesAmount":0,"unit":"EA","salesDate":"2022.02.19"},
                    {"plant":1000,"prodId":"CRS101_GR_95","salesAmount":1,"unit":"EA","salesDate":"2022.02.20"},
                    {"plant":1000,"prodId":"CRS101_GR_95","salesAmount":1,"unit":"EA","salesDate":"2022.02.21"},
                    {"plant":1000,"prodId":"CRS101_GR_95","salesAmount":4,"unit":"EA","salesDate":"2022.02.22"},
                    {"plant":1000,"prodId":"CRS101_GR_95","salesAmount":0,"unit":"EA","salesDate":"2022.02.23"},
                    {"plant":1000,"prodId":"CRS101_GR_95","salesAmount":5,"unit":"EA","salesDate":"2022.02.24"},
                    {"plant":1000,"prodId":"CRS101_GR_95","salesAmount":1,"unit":"EA","salesDate":"2022.02.25"},
                    {"plant":1000,"prodId":"CRS101_GR_95","salesAmount":0,"unit":"EA","salesDate":"2022.02.26"},
                    {"plant":1000,"prodId":"CRS101_GR_95","salesAmount":1,"unit":"EA","salesDate":"2022.02.27"},
                    {"plant":1000,"prodId":"CRS101_GR_95","salesAmount":3,"unit":"EA","salesDate":"2022.02.28"}]
		},
		{
			"prodId": "WLP202_BG_F",
			"plant": 1000,
			"stock": 7,
			"preStock": 0,
			"unit": "EA",
            "prodInfo": {
                "prodId": "WLP202_BG_F",
                "prodName": "울 팬츠",
                "prodCol": "Beige",
                "prodSize": "Free",
                "purCost": 20000,
                "sellPrice": 100000,
                "currency": "won",
                "unit": "EA",
                "vendorId": "V0002"
            },
            "safety": {
                "storeLevel": 1,
                "safety": 5
            },
            "sales": [{"plant":1000,"prodId":"CRS101_GR_95","salesAmount":2,"unit":"EA","salesDate":"2022.02.07"},
                    {"plant":1000,"prodId":"CRS101_GR_95","salesAmount":0,"unit":"EA","salesDate":"2022.02.08"},
                    {"plant":1000,"prodId":"CRS101_GR_95","salesAmount":1,"unit":"EA","salesDate":"2022.02.09"},
                    {"plant":1000,"prodId":"CRS101_GR_95","salesAmount":1,"unit":"EA","salesDate":"2022.02.10"},
                    {"plant":1000,"prodId":"CRS101_GR_95","salesAmount":4,"unit":"EA","salesDate":"2022.02.11"},
                    {"plant":1000,"prodId":"CRS101_GR_95","salesAmount":0,"unit":"EA","salesDate":"2022.02.12"},
                    {"plant":1000,"prodId":"CRS101_GR_95","salesAmount":3,"unit":"EA","salesDate":"2022.02.13"},
                    {"plant":1000,"prodId":"CRS101_GR_95","salesAmount":1,"unit":"EA","salesDate":"2022.02.14"},
                    {"plant":1000,"prodId":"CRS101_GR_95","salesAmount":0,"unit":"EA","salesDate":"2022.02.15"},
                    {"plant":1000,"prodId":"CRS101_GR_95","salesAmount":1,"unit":"EA","salesDate":"2022.02.16"},
                    {"plant":1000,"prodId":"CRS101_GR_95","salesAmount":3,"unit":"EA","salesDate":"2022.02.17"},
                    {"plant":1000,"prodId":"CRS101_GR_95","salesAmount":2,"unit":"EA","salesDate":"2022.02.18"},
                    {"plant":1000,"prodId":"CRS101_GR_95","salesAmount":0,"unit":"EA","salesDate":"2022.02.19"},
                    {"plant":1000,"prodId":"CRS101_GR_95","salesAmount":1,"unit":"EA","salesDate":"2022.02.20"},
                    {"plant":1000,"prodId":"CRS101_GR_95","salesAmount":1,"unit":"EA","salesDate":"2022.02.21"},
                    {"plant":1000,"prodId":"CRS101_GR_95","salesAmount":4,"unit":"EA","salesDate":"2022.02.22"},
                    {"plant":1000,"prodId":"CRS101_GR_95","salesAmount":0,"unit":"EA","salesDate":"2022.02.23"},
                    {"plant":1000,"prodId":"CRS101_GR_95","salesAmount":5,"unit":"EA","salesDate":"2022.02.24"},
                    {"plant":1000,"prodId":"CRS101_GR_95","salesAmount":1,"unit":"EA","salesDate":"2022.02.25"},
                    {"plant":1000,"prodId":"CRS101_GR_95","salesAmount":0,"unit":"EA","salesDate":"2022.02.26"},
                    {"plant":1000,"prodId":"CRS101_GR_95","salesAmount":1,"unit":"EA","salesDate":"2022.02.27"},
                    {"plant":1000,"prodId":"CRS101_GR_95","salesAmount":3,"unit":"EA","salesDate":"2022.02.28"}]
		},
		{
			"prodId": "WLP202_PK_F",
			"plant": 1000,
			"stock": 6,
			"preStock": 0,
			"unit": "EA",
            "prodInfo": {
                "prodId": "WLP202_PK_F",
                "prodName": "울 팬츠",
                "prodCol": "Pink",
                "prodSize": "Free",
                "purCost": 20000,
                "sellPrice": 100000,
                "currency": "won",
                "unit": "EA",
                "vendorId": "V0002"
            },
            "safety": {
                "storeLevel": 1,
                "safety": 5
            },
            "sales": [{"plant":1000,"prodId":"CRS101_GR_95","salesAmount":2,"unit":"EA","salesDate":"2022.02.07"},
                    {"plant":1000,"prodId":"CRS101_GR_95","salesAmount":0,"unit":"EA","salesDate":"2022.02.08"},
                    {"plant":1000,"prodId":"CRS101_GR_95","salesAmount":1,"unit":"EA","salesDate":"2022.02.09"},
                    {"plant":1000,"prodId":"CRS101_GR_95","salesAmount":1,"unit":"EA","salesDate":"2022.02.10"},
                    {"plant":1000,"prodId":"CRS101_GR_95","salesAmount":4,"unit":"EA","salesDate":"2022.02.11"},
                    {"plant":1000,"prodId":"CRS101_GR_95","salesAmount":0,"unit":"EA","salesDate":"2022.02.12"},
                    {"plant":1000,"prodId":"CRS101_GR_95","salesAmount":3,"unit":"EA","salesDate":"2022.02.13"},
                    {"plant":1000,"prodId":"CRS101_GR_95","salesAmount":1,"unit":"EA","salesDate":"2022.02.14"},
                    {"plant":1000,"prodId":"CRS101_GR_95","salesAmount":0,"unit":"EA","salesDate":"2022.02.15"},
                    {"plant":1000,"prodId":"CRS101_GR_95","salesAmount":1,"unit":"EA","salesDate":"2022.02.16"},
                    {"plant":1000,"prodId":"CRS101_GR_95","salesAmount":3,"unit":"EA","salesDate":"2022.02.17"},
                    {"plant":1000,"prodId":"CRS101_GR_95","salesAmount":2,"unit":"EA","salesDate":"2022.02.18"},
                    {"plant":1000,"prodId":"CRS101_GR_95","salesAmount":0,"unit":"EA","salesDate":"2022.02.19"},
                    {"plant":1000,"prodId":"CRS101_GR_95","salesAmount":1,"unit":"EA","salesDate":"2022.02.20"},
                    {"plant":1000,"prodId":"CRS101_GR_95","salesAmount":1,"unit":"EA","salesDate":"2022.02.21"},
                    {"plant":1000,"prodId":"CRS101_GR_95","salesAmount":4,"unit":"EA","salesDate":"2022.02.22"},
                    {"plant":1000,"prodId":"CRS101_GR_95","salesAmount":0,"unit":"EA","salesDate":"2022.02.23"},
                    {"plant":1000,"prodId":"CRS101_GR_95","salesAmount":5,"unit":"EA","salesDate":"2022.02.24"},
                    {"plant":1000,"prodId":"CRS101_GR_95","salesAmount":1,"unit":"EA","salesDate":"2022.02.25"},
                    {"plant":1000,"prodId":"CRS101_GR_95","salesAmount":0,"unit":"EA","salesDate":"2022.02.26"},
                    {"plant":1000,"prodId":"CRS101_GR_95","salesAmount":1,"unit":"EA","salesDate":"2022.02.27"},
                    {"plant":1000,"prodId":"CRS101_GR_95","salesAmount":3,"unit":"EA","salesDate":"2022.02.28"}]
		},
		{
			"prodId": "WLP202_WH_F",
			"plant": 1000,
			"stock": 3,
			"preStock": 0,
			"unit": "EA",
            "prodInfo": {
                "prodId": "WLP202_WH_F",
                "prodName": "울 팬츠",
                "prodCol": "White",
                "prodSize": "Free",
                "purCost": 20000,
                "sellPrice": 100000,
                "currency": "won",
                "unit": "EA",
                "vendorId": "V0002"
            },
            "safety": {
                "storeLevel": 1,
                "safety": 5
            },
            "sales": [{"plant":1000,"prodId":"CRS101_GR_95","salesAmount":2,"unit":"EA","salesDate":"2022.02.07"},
                    {"plant":1000,"prodId":"CRS101_GR_95","salesAmount":0,"unit":"EA","salesDate":"2022.02.08"},
                    {"plant":1000,"prodId":"CRS101_GR_95","salesAmount":1,"unit":"EA","salesDate":"2022.02.09"},
                    {"plant":1000,"prodId":"CRS101_GR_95","salesAmount":1,"unit":"EA","salesDate":"2022.02.10"},
                    {"plant":1000,"prodId":"CRS101_GR_95","salesAmount":4,"unit":"EA","salesDate":"2022.02.11"},
                    {"plant":1000,"prodId":"CRS101_GR_95","salesAmount":0,"unit":"EA","salesDate":"2022.02.12"},
                    {"plant":1000,"prodId":"CRS101_GR_95","salesAmount":3,"unit":"EA","salesDate":"2022.02.13"},
                    {"plant":1000,"prodId":"CRS101_GR_95","salesAmount":1,"unit":"EA","salesDate":"2022.02.14"},
                    {"plant":1000,"prodId":"CRS101_GR_95","salesAmount":0,"unit":"EA","salesDate":"2022.02.15"},
                    {"plant":1000,"prodId":"CRS101_GR_95","salesAmount":1,"unit":"EA","salesDate":"2022.02.16"},
                    {"plant":1000,"prodId":"CRS101_GR_95","salesAmount":3,"unit":"EA","salesDate":"2022.02.17"},
                    {"plant":1000,"prodId":"CRS101_GR_95","salesAmount":2,"unit":"EA","salesDate":"2022.02.18"},
                    {"plant":1000,"prodId":"CRS101_GR_95","salesAmount":0,"unit":"EA","salesDate":"2022.02.19"},
                    {"plant":1000,"prodId":"CRS101_GR_95","salesAmount":1,"unit":"EA","salesDate":"2022.02.20"},
                    {"plant":1000,"prodId":"CRS101_GR_95","salesAmount":1,"unit":"EA","salesDate":"2022.02.21"},
                    {"plant":1000,"prodId":"CRS101_GR_95","salesAmount":4,"unit":"EA","salesDate":"2022.02.22"},
                    {"plant":1000,"prodId":"CRS101_GR_95","salesAmount":0,"unit":"EA","salesDate":"2022.02.23"},
                    {"plant":1000,"prodId":"CRS101_GR_95","salesAmount":5,"unit":"EA","salesDate":"2022.02.24"},
                    {"plant":1000,"prodId":"CRS101_GR_95","salesAmount":1,"unit":"EA","salesDate":"2022.02.25"},
                    {"plant":1000,"prodId":"CRS101_GR_95","salesAmount":0,"unit":"EA","salesDate":"2022.02.26"},
                    {"plant":1000,"prodId":"CRS101_GR_95","salesAmount":1,"unit":"EA","salesDate":"2022.02.27"},
                    {"plant":1000,"prodId":"CRS101_GR_95","salesAmount":3,"unit":"EA","salesDate":"2022.02.28"}]
		},
		{
			"prodId": "WLP202_GR_F",
			"plant": 1000,
			"stock": 0,
			"preStock": 9,
			"unit": "EA",
            "prodInfo": {
                "prodId": "WLP202_GR_F",
                "prodName": "울 팬츠",
                "prodCol": "Gray",
                "prodSize": "Free",
                "purCost": 20000,
                "sellPrice": 100000,
                "currency": "won",
                "unit": "EA",
                "vendorId": "V0002"
            },
            "safety": {
                "storeLevel": 1,
                "safety": 5
            },
            "sales": [{"plant":1000,"prodId":"CRS101_GR_95","salesAmount":2,"unit":"EA","salesDate":"2022.02.07"},
                    {"plant":1000,"prodId":"CRS101_GR_95","salesAmount":0,"unit":"EA","salesDate":"2022.02.08"},
                    {"plant":1000,"prodId":"CRS101_GR_95","salesAmount":1,"unit":"EA","salesDate":"2022.02.09"},
                    {"plant":1000,"prodId":"CRS101_GR_95","salesAmount":1,"unit":"EA","salesDate":"2022.02.10"},
                    {"plant":1000,"prodId":"CRS101_GR_95","salesAmount":4,"unit":"EA","salesDate":"2022.02.11"},
                    {"plant":1000,"prodId":"CRS101_GR_95","salesAmount":0,"unit":"EA","salesDate":"2022.02.12"},
                    {"plant":1000,"prodId":"CRS101_GR_95","salesAmount":3,"unit":"EA","salesDate":"2022.02.13"},
                    {"plant":1000,"prodId":"CRS101_GR_95","salesAmount":1,"unit":"EA","salesDate":"2022.02.14"},
                    {"plant":1000,"prodId":"CRS101_GR_95","salesAmount":0,"unit":"EA","salesDate":"2022.02.15"},
                    {"plant":1000,"prodId":"CRS101_GR_95","salesAmount":1,"unit":"EA","salesDate":"2022.02.16"},
                    {"plant":1000,"prodId":"CRS101_GR_95","salesAmount":3,"unit":"EA","salesDate":"2022.02.17"},
                    {"plant":1000,"prodId":"CRS101_GR_95","salesAmount":2,"unit":"EA","salesDate":"2022.02.18"},
                    {"plant":1000,"prodId":"CRS101_GR_95","salesAmount":0,"unit":"EA","salesDate":"2022.02.19"},
                    {"plant":1000,"prodId":"CRS101_GR_95","salesAmount":1,"unit":"EA","salesDate":"2022.02.20"},
                    {"plant":1000,"prodId":"CRS101_GR_95","salesAmount":1,"unit":"EA","salesDate":"2022.02.21"},
                    {"plant":1000,"prodId":"CRS101_GR_95","salesAmount":4,"unit":"EA","salesDate":"2022.02.22"},
                    {"plant":1000,"prodId":"CRS101_GR_95","salesAmount":0,"unit":"EA","salesDate":"2022.02.23"},
                    {"plant":1000,"prodId":"CRS101_GR_95","salesAmount":5,"unit":"EA","salesDate":"2022.02.24"},
                    {"plant":1000,"prodId":"CRS101_GR_95","salesAmount":1,"unit":"EA","salesDate":"2022.02.25"},
                    {"plant":1000,"prodId":"CRS101_GR_95","salesAmount":0,"unit":"EA","salesDate":"2022.02.26"},
                    {"plant":1000,"prodId":"CRS101_GR_95","salesAmount":1,"unit":"EA","salesDate":"2022.02.27"},
                    {"plant":1000,"prodId":"CRS101_GR_95","salesAmount":3,"unit":"EA","salesDate":"2022.02.28"}]
		}
	]
}
