<?xml version="1.0" encoding="utf-8"?>
<edmx:Edmx Version="1.0" xmlns:edmx="http://schemas.microsoft.com/ado/2007/06/edmx" xmlns:m="http://schemas.microsoft.com/ado/2007/08/dataservices/metadata" xmlns:sap="http://www.sap.com/Protocols/SAPData">
    <edmx:DataServices m:DataServiceVersion="2.0">
        <Schema Namespace="ZGWB05_STO_PROCESS_SRV" xml:lang="en" sap:schema-version="1" xmlns="http://schemas.microsoft.com/ado/2008/09/edm">
            <EntityType Name="stopoList" sap:content-version="1">
                <Key>
                    <PropertyRef Name="Ordnum"/>
                    <PropertyRef Name="Idx"/>
                </Key>
                <Property Name="Generator" Type="Edm.String" Nullable="false" MaxLength="12" sap:unicode="false" sap:label="Generator of Approval Document" sap:creatable="false" sap:updatable="false" sap:sortable="false" sap:filterable="false"/>
                <Property Name="Ordnum" Type="Edm.String" Nullable="false" MaxLength="8" sap:unicode="false" sap:label="Order Number" sap:creatable="false" sap:updatable="false" sap:sortable="false" sap:filterable="false"/>
                <Property Name="Idx" Type="Edm.Int16" Nullable="false" sap:unicode="false" sap:label="Item Index" sap:creatable="false" sap:updatable="false" sap:sortable="false" sap:filterable="false"/>
                <Property Name="Prodid" Type="Edm.String" Nullable="false" MaxLength="11" sap:unicode="false" sap:label="Product Id" sap:creatable="false" sap:updatable="false" sap:sortable="false" sap:filterable="false"/>
                <Property Name="Ordtype" Type="Edm.String" Nullable="false" MaxLength="3" sap:unicode="false" sap:label="Order Type" sap:creatable="false" sap:updatable="false" sap:sortable="false" sap:filterable="false"/>
                <Property Name="Reqempid" Type="Edm.String" Nullable="false" MaxLength="6" sap:unicode="false" sap:label="Employee ID" sap:creatable="false" sap:updatable="false" sap:sortable="false" sap:filterable="false"/>
                <Property Name="Grplant" Type="Edm.String" Nullable="false" MaxLength="4" sap:unicode="false" sap:label="Plant (GR)" sap:creatable="false" sap:updatable="false" sap:sortable="false" sap:filterable="false"/>
                <Property Name="Grsloc" Type="Edm.String" Nullable="false" MaxLength="4" sap:unicode="false" sap:label="Storage Location(GR)" sap:creatable="false" sap:updatable="false" sap:sortable="false" sap:filterable="false"/>
                <Property Name="Giplant" Type="Edm.String" Nullable="false" MaxLength="4" sap:unicode="false" sap:label="Plant (GI)" sap:creatable="false" sap:updatable="false" sap:sortable="false" sap:filterable="false"/>
                <Property Name="Gisloc" Type="Edm.String" Nullable="false" MaxLength="4" sap:unicode="false" sap:label="Storage Location(GI)" sap:creatable="false" sap:updatable="false" sap:sortable="false" sap:filterable="false"/>
                <Property Name="Vendorid" Type="Edm.String" Nullable="false" MaxLength="4" sap:unicode="false" sap:label="Vendor ID" sap:creatable="false" sap:updatable="false" sap:sortable="false" sap:filterable="false"/>
                <Property Name="Gendate" Type="Edm.DateTime" Nullable="false" Precision="7" sap:unicode="false" sap:label="Generated Date" sap:creatable="false" sap:updatable="false" sap:sortable="false" sap:filterable="false"/>
                <Property Name="Amt" Type="Edm.Decimal" Nullable="false" Precision="6" Scale="0" sap:unicode="false" sap:unit="Unit" sap:label="Amount" sap:creatable="false" sap:updatable="false" sap:sortable="false" sap:filterable="false"/>
                <Property Name="Transtatus" Type="Edm.String" Nullable="false" MaxLength="1" sap:unicode="false" sap:label="Check Goods Receipt" sap:creatable="false" sap:updatable="false" sap:sortable="false" sap:filterable="false"/>
                <Property Name="Duedate" Type="Edm.DateTime" Nullable="false" Precision="7" sap:unicode="false" sap:label="Due Date" sap:creatable="false" sap:updatable="false" sap:sortable="false" sap:filterable="false"/>
                <Property Name="Unit" Type="Edm.String" Nullable="false" MaxLength="3" sap:unicode="false" sap:label="Unit" sap:creatable="false" sap:updatable="false" sap:sortable="false" sap:filterable="false" sap:semantics="unit-of-measure"/>
                <Property Name="Grdate" Type="Edm.DateTime" Nullable="false" Precision="7" sap:unicode="false" sap:label="Date (GR)" sap:creatable="false" sap:updatable="false" sap:sortable="false" sap:filterable="false"/>
            </EntityType>
            <EntityType Name="matDoc" sap:content-version="1">
                <Key>
                    <PropertyRef Name="Matdocnum"/>
                    <PropertyRef Name="Idx"/>
                </Key>
                <Property Name="Matdocnum" Type="Edm.String" Nullable="false" MaxLength="5" sap:unicode="false" sap:label="MatDoc Number" sap:creatable="false" sap:updatable="false" sap:sortable="false" sap:filterable="false"/>
                <Property Name="Generator" Type="Edm.String" Nullable="false" MaxLength="12" sap:unicode="false" sap:label="Generator of Approval Document" sap:creatable="false" sap:updatable="false" sap:sortable="false" sap:filterable="false"/>
                <Property Name="Idx" Type="Edm.Int16" Nullable="false" sap:unicode="false" sap:label="Item Index" sap:creatable="false" sap:updatable="false" sap:sortable="false" sap:filterable="false"/>
                <Property Name="Ordtype" Type="Edm.String" Nullable="false" MaxLength="3" sap:unicode="false" sap:label="Order Type" sap:creatable="false" sap:updatable="false" sap:sortable="false" sap:filterable="false"/>
                <Property Name="Prodid" Type="Edm.String" Nullable="false" MaxLength="11" sap:unicode="false" sap:label="Product Id" sap:creatable="false" sap:updatable="false" sap:sortable="false" sap:filterable="false"/>
                <Property Name="Amt" Type="Edm.Decimal" Nullable="false" Precision="6" Scale="0" sap:unicode="false" sap:unit="Unit" sap:label="Amount" sap:creatable="false" sap:updatable="false" sap:sortable="false" sap:filterable="false"/>
                <Property Name="Unit" Type="Edm.String" Nullable="false" MaxLength="3" sap:unicode="false" sap:label="Unit" sap:creatable="false" sap:updatable="false" sap:sortable="false" sap:filterable="false" sap:semantics="unit-of-measure"/>
                <Property Name="Ordnum" Type="Edm.String" Nullable="false" MaxLength="8" sap:unicode="false" sap:label="Order Number" sap:creatable="false" sap:updatable="false" sap:sortable="false" sap:filterable="false"/>
                <Property Name="Execdate" Type="Edm.DateTime" Nullable="false" Precision="7" sap:unicode="false" sap:label="Executed Date" sap:creatable="false" sap:updatable="false" sap:sortable="false" sap:filterable="false"/>
                <Property Name="Grplant" Type="Edm.String" Nullable="false" MaxLength="4" sap:unicode="false" sap:label="Plant (GR)" sap:creatable="false" sap:updatable="false" sap:sortable="false" sap:filterable="false"/>
                <Property Name="Grsloc" Type="Edm.String" Nullable="false" MaxLength="4" sap:unicode="false" sap:label="Storage Location(GR)" sap:creatable="false" sap:updatable="false" sap:sortable="false" sap:filterable="false"/>
                <Property Name="Giplant" Type="Edm.String" Nullable="false" MaxLength="4" sap:unicode="false" sap:label="Plant (GI)" sap:creatable="false" sap:updatable="false" sap:sortable="false" sap:filterable="false"/>
                <Property Name="Gisloc" Type="Edm.String" Nullable="false" MaxLength="4" sap:unicode="false" sap:label="Storage Location(GI)" sap:creatable="false" sap:updatable="false" sap:sortable="false" sap:filterable="false"/>
                <Property Name="Vendorid" Type="Edm.String" Nullable="false" MaxLength="4" sap:unicode="false" sap:label="Vendor ID" sap:creatable="false" sap:updatable="false" sap:sortable="false" sap:filterable="false"/>
            </EntityType>
            <EntityType Name="stockData" sap:content-version="1">
                <Key>
                    <PropertyRef Name="Prodid"/>
                    <PropertyRef Name="Plantid"/>
                    <PropertyRef Name="Sloccd"/>
                </Key>
                <Property Name="Prodid" Type="Edm.String" Nullable="false" MaxLength="11" sap:unicode="false" sap:label="Product Id" sap:creatable="false" sap:updatable="false" sap:sortable="false" sap:filterable="false"/>
                <Property Name="Plantid" Type="Edm.String" Nullable="false" MaxLength="4" sap:unicode="false" sap:label="Plant Code" sap:creatable="false" sap:updatable="false" sap:sortable="false" sap:filterable="false"/>
                <Property Name="Sloccd" Type="Edm.String" Nullable="false" MaxLength="4" sap:unicode="false" sap:label="Location Code" sap:creatable="false" sap:updatable="false" sap:sortable="false" sap:filterable="false"/>
                <Property Name="Stock" Type="Edm.Decimal" Nullable="false" Precision="6" Scale="0" sap:unicode="false" sap:unit="Unit" sap:label="Stock" sap:creatable="false" sap:updatable="false" sap:sortable="false" sap:filterable="false"/>
                <Property Name="Prestock" Type="Edm.Decimal" Nullable="false" Precision="6" Scale="0" sap:unicode="false" sap:unit="Unit" sap:label="Pre Stock" sap:creatable="false" sap:updatable="false" sap:sortable="false" sap:filterable="false"/>
                <Property Name="Unit" Type="Edm.String" Nullable="false" MaxLength="3" sap:unicode="false" sap:label="Unit" sap:creatable="false" sap:updatable="false" sap:sortable="false" sap:filterable="false" sap:semantics="unit-of-measure"/>
            </EntityType>
            <EntityType Name="apvStatus" sap:content-version="1">
                <Key>
                    <PropertyRef Name="Apvnum"/>
                </Key>
                <Property Name="Apvnum" Type="Edm.String" Nullable="false" MaxLength="5" sap:unicode="false" sap:label="AVP Num" sap:creatable="false" sap:updatable="false" sap:sortable="false" sap:filterable="false"/>
                <Property Name="Apvtype" Type="Edm.String" Nullable="false" MaxLength="3" sap:unicode="false" sap:label="APV Type" sap:creatable="false" sap:updatable="false" sap:sortable="false" sap:filterable="false"/>
                <Property Name="Apvgdate" Type="Edm.DateTime" Nullable="false" Precision="7" sap:unicode="false" sap:label="Apv Generation Date" sap:creatable="false" sap:updatable="false" sap:sortable="false" sap:filterable="false"/>
                <Property Name="Generator" Type="Edm.String" Nullable="false" MaxLength="12" sap:unicode="false" sap:label="Apv Generator" sap:creatable="false" sap:updatable="false" sap:sortable="false" sap:filterable="false"/>
                <Property Name="Gendept" Type="Edm.String" Nullable="false" MaxLength="3" sap:unicode="false" sap:label="Gen Dept" sap:creatable="false" sap:updatable="false" sap:sortable="false" sap:filterable="false"/>
                <Property Name="Apvstatus" Type="Edm.String" Nullable="false" MaxLength="3" sap:unicode="false" sap:label="Approval Status" sap:creatable="false" sap:updatable="false" sap:sortable="false" sap:filterable="false"/>
                <Property Name="Rejreason" Type="Edm.String" Nullable="false" MaxLength="100" sap:unicode="false" sap:label="Rejection Reason" sap:creatable="false" sap:updatable="false" sap:sortable="false" sap:filterable="false"/>
                <Property Name="ApvidL" Type="Edm.String" Nullable="false" MaxLength="12" sap:unicode="false" sap:label="Final ID for Approva" sap:creatable="false" sap:updatable="false" sap:sortable="false" sap:filterable="false"/>
            </EntityType>
            <EntityType Name="apvDoc" sap:content-version="1">
                <Key>
                    <PropertyRef Name="Apvnum"/>
                </Key>
                <Property Name="Apvnum" Type="Edm.String" Nullable="false" MaxLength="5" sap:unicode="false" sap:label="AVP Num" sap:creatable="false" sap:updatable="false" sap:sortable="false" sap:filterable="false"/>
                <Property Name="Apvtype" Type="Edm.String" Nullable="false" MaxLength="3" sap:unicode="false" sap:label="APV Type" sap:creatable="false" sap:updatable="false" sap:sortable="false" sap:filterable="false"/>
                <Property Name="Apvgdate" Type="Edm.DateTime" Precision="7" sap:unicode="false" sap:label="Apv Generation Date" sap:creatable="false" sap:updatable="false" sap:sortable="false" sap:filterable="false"/>
                <Property Name="Generator" Type="Edm.String" Nullable="false" MaxLength="12" sap:unicode="false" sap:label="Apv Generator" sap:creatable="false" sap:updatable="false" sap:sortable="false" sap:filterable="false"/>
                <Property Name="Gendept" Type="Edm.String" Nullable="false" MaxLength="3" sap:unicode="false" sap:label="Gen Dept" sap:creatable="false" sap:updatable="false" sap:sortable="false" sap:filterable="false"/>
                <Property Name="Apvstatus" Type="Edm.String" Nullable="false" MaxLength="3" sap:unicode="false" sap:label="Approval Status" sap:creatable="false" sap:updatable="false" sap:sortable="false" sap:filterable="false"/>
                <Property Name="Rejreason" Type="Edm.String" Nullable="false" MaxLength="100" sap:unicode="false" sap:label="Rejection Reason" sap:creatable="false" sap:updatable="false" sap:sortable="false" sap:filterable="false"/>
                <Property Name="ApvidL" Type="Edm.String" Nullable="false" MaxLength="12" sap:unicode="false" sap:label="Final ID for Approva" sap:creatable="false" sap:updatable="false" sap:sortable="false" sap:filterable="false"/>
                <NavigationProperty Name="toDetSTOApvSet" Relationship="ZGWB05_STO_PROCESS_SRV.Assoc_detSTOApv" FromRole="FromRole_Assoc_detSTOApv" ToRole="ToRole_Assoc_detSTOApv"/>
            </EntityType>
            <EntityType Name="detSTOApv" sap:content-version="1">
                <Key>
                    <PropertyRef Name="Apvnum"/>
                    <PropertyRef Name="Idx"/>
                </Key>
                <Property Name="Apvnum" Type="Edm.String" Nullable="false" MaxLength="5" sap:unicode="false" sap:label="AVP Num" sap:creatable="false" sap:updatable="false" sap:sortable="false" sap:filterable="false"/>
                <Property Name="Idx" Type="Edm.Int16" Nullable="false" sap:unicode="false" sap:label="Item Index" sap:creatable="false" sap:updatable="false" sap:sortable="false" sap:filterable="false"/>
                <Property Name="Prodid" Type="Edm.String" Nullable="false" MaxLength="11" sap:unicode="false" sap:label="Product Id" sap:creatable="false" sap:updatable="false" sap:sortable="false" sap:filterable="false"/>
                <Property Name="Grplant" Type="Edm.String" Nullable="false" MaxLength="4" sap:unicode="false" sap:label="Plant (GR)" sap:creatable="false" sap:updatable="false" sap:sortable="false" sap:filterable="false"/>
                <Property Name="Grsloc" Type="Edm.String" Nullable="false" MaxLength="4" sap:unicode="false" sap:label="Storage Location(GR)" sap:creatable="false" sap:updatable="false" sap:sortable="false" sap:filterable="false"/>
                <Property Name="Giplant" Type="Edm.String" Nullable="false" MaxLength="4" sap:unicode="false" sap:label="Plant (GI)" sap:creatable="false" sap:updatable="false" sap:sortable="false" sap:filterable="false"/>
                <Property Name="Gisloc" Type="Edm.String" Nullable="false" MaxLength="4" sap:unicode="false" sap:label="Storage Location(GI)" sap:creatable="false" sap:updatable="false" sap:sortable="false" sap:filterable="false"/>
                <Property Name="Amt" Type="Edm.Decimal" Nullable="false" Precision="6" Scale="0" sap:unicode="false" sap:unit="Unit" sap:label="Amount" sap:creatable="false" sap:updatable="false" sap:sortable="false" sap:filterable="false"/>
                <Property Name="Unit" Type="Edm.String" Nullable="false" MaxLength="3" sap:unicode="false" sap:label="Unit" sap:creatable="false" sap:updatable="false" sap:sortable="false" sap:filterable="false" sap:semantics="unit-of-measure"/>
                <Property Name="Devdate" Type="Edm.DateTime" Nullable="false" Precision="7" sap:unicode="false" sap:label="Delivery Date" sap:creatable="false" sap:updatable="false" sap:sortable="false" sap:filterable="false"/>
            </EntityType>
            <EntityType Name="salesData" sap:content-version="1">
                <Key>
                    <PropertyRef Name="Prodid"/>
                    <PropertyRef Name="Execdate"/>
                    <PropertyRef Name="Giplant"/>
                </Key>
                <Property Name="Prodid" Type="Edm.String" Nullable="false" MaxLength="11" sap:unicode="false" sap:label="Product Id" sap:creatable="false" sap:updatable="false" sap:sortable="false" sap:filterable="false"/>
                <Property Name="Amt" Type="Edm.Decimal" Nullable="false" Precision="6" Scale="0" sap:unicode="false" sap:unit="Unit" sap:label="Amount" sap:creatable="false" sap:updatable="false" sap:sortable="false" sap:filterable="false"/>
                <Property Name="Unit" Type="Edm.String" Nullable="false" MaxLength="3" sap:unicode="false" sap:label="Unit" sap:creatable="false" sap:updatable="false" sap:sortable="false" sap:filterable="false" sap:semantics="unit-of-measure"/>
                <Property Name="Execdate" Type="Edm.DateTime" Nullable="false" Precision="7" sap:unicode="false" sap:label="Executed Date" sap:creatable="false" sap:updatable="false" sap:sortable="false" sap:filterable="false"/>
                <Property Name="Giplant" Type="Edm.String" Nullable="false" MaxLength="4" sap:unicode="false" sap:label="Plant (GI)" sap:creatable="false" sap:updatable="false" sap:sortable="false" sap:filterable="false"/>
            </EntityType>
            <Association Name="Assoc_detSTOApv" sap:content-version="1">
                <End Type="ZGWB05_STO_PROCESS_SRV.apvDoc" Multiplicity="1" Role="FromRole_Assoc_detSTOApv"/>
                <End Type="ZGWB05_STO_PROCESS_SRV.detSTOApv" Multiplicity="*" Role="ToRole_Assoc_detSTOApv"/>
                <ReferentialConstraint>
                    <Principal Role="FromRole_Assoc_detSTOApv">
                        <PropertyRef Name="Apvnum"/>
                    </Principal>
                    <Dependent Role="ToRole_Assoc_detSTOApv">
                        <PropertyRef Name="Apvnum"/>
                    </Dependent>
                </ReferentialConstraint>
            </Association>
            <EntityContainer Name="ZGWB05_STO_PROCESS_SRV_Entities" m:IsDefaultEntityContainer="true" sap:supported-formats="atom json xlsx">
                <EntitySet Name="stopoListSet" EntityType="ZGWB05_STO_PROCESS_SRV.stopoList" sap:creatable="false" sap:updatable="false" sap:deletable="false" sap:pageable="false" sap:content-version="1"/>
                <EntitySet Name="matDocSet" EntityType="ZGWB05_STO_PROCESS_SRV.matDoc" sap:creatable="false" sap:updatable="false" sap:deletable="false" sap:pageable="false" sap:content-version="1"/>
                <EntitySet Name="stockDataSet" EntityType="ZGWB05_STO_PROCESS_SRV.stockData" sap:creatable="false" sap:updatable="false" sap:deletable="false" sap:pageable="false" sap:content-version="1"/>
                <EntitySet Name="apvStatusSet" EntityType="ZGWB05_STO_PROCESS_SRV.apvStatus" sap:creatable="false" sap:updatable="false" sap:deletable="false" sap:pageable="false" sap:content-version="1"/>
                <EntitySet Name="apvDocSet" EntityType="ZGWB05_STO_PROCESS_SRV.apvDoc" sap:creatable="false" sap:updatable="false" sap:deletable="false" sap:pageable="false" sap:content-version="1"/>
                <EntitySet Name="detSTOApvSet" EntityType="ZGWB05_STO_PROCESS_SRV.detSTOApv" sap:creatable="false" sap:updatable="false" sap:deletable="false" sap:pageable="false" sap:content-version="1"/>
                <EntitySet Name="salesDataSet" EntityType="ZGWB05_STO_PROCESS_SRV.salesData" sap:creatable="false" sap:updatable="false" sap:deletable="false" sap:pageable="false" sap:content-version="1"/>
                <AssociationSet Name="Assoc_detSTOApvSet" Association="ZGWB05_STO_PROCESS_SRV.Assoc_detSTOApv" sap:creatable="false" sap:updatable="false" sap:deletable="false" sap:content-version="1">
                    <End EntitySet="apvDocSet" Role="FromRole_Assoc_detSTOApv"/>
                    <End EntitySet="detSTOApvSet" Role="ToRole_Assoc_detSTOApv"/>
                </AssociationSet>
            </EntityContainer>
            <atom:link rel="self" href="http://210.16.199.140:8001/sap/opu/odata/sap/ZGWB05_STO_PROCESS_SRV/$metadata" xmlns:atom="http://www.w3.org/2005/Atom"/>
            <atom:link rel="latest-version" href="http://210.16.199.140:8001/sap/opu/odata/sap/ZGWB05_STO_PROCESS_SRV/$metadata" xmlns:atom="http://www.w3.org/2005/Atom"/>
        </Schema>
    </edmx:DataServices>
</edmx:Edmx>